{
  "schema_version": "observatory-classifier-v1",
  "feature_names": [
    "reward",
    "passed",
    "has_exception",
    "tool_calls_total",
    "trajectory_steps",
    "input_tokens",
    "output_tokens",
    "cost_usd",
    "wall_clock_seconds",
    "search_calls_keyword",
    "search_calls_nls",
    "search_calls_deepsearch",
    "mcp_ratio",
    "ttfr",
    "query_churn_count",
    "edit_verify_cycles",
    "repeated_tool_failures",
    "has_code_nav_tools",
    "has_semantic_search",
    "has_git_tools",
    "has_trajectory"
  ],
  "means": [
    0.5622466666666667,
    0.7,
    0.0,
    43.25,
    79.66666666666667,
    913389.7833333333,
    16067.633333333333,
    0.8499774841666666,
    621.9996767000004,
    2.6666666666666665,
    0.18333333333333332,
    0.016666666666666666,
    0.18638124557552604,
    2.31,
    4.083333333333333,
    0.25,
    4.783333333333333,
    0.23333333333333334,
    0.15,
    0.13333333333333333,
    1.0
  ],
  "stds": [
    0.39981985648168733,
    0.45825756949558394,
    1e-08,
    38.31780482578127,
    66.32889432383313,
    2149780.9361805767,
    19886.78286028744,
    1.8783921554578236,
    1112.8639044205752,
    5.2967495273569005,
    0.4997221450188317,
    0.1280190957978102,
    0.3188365928038705,
    11.509122468720197,
    5.53260537380195,
    1.2058883309273154,
    5.282334290401883,
    0.4229525846816504,
    0.3570714214271425,
    0.33993463423951903,
    1e-08
  ],
  "classifiers": {
    "decomposition_failure": {
      "weights": [
        -0.5121230173000323,
        -1.4371724688469432,
        0.0,
        0.4570093878889035,
        0.2108054087915652,
        -0.42807196379749357,
        0.1728979657066571,
        0.26317930035849996,
        -0.13351895381103207,
        0.011725752544881073,
        0.1951628278557456,
        -0.008600039810732665,
        -0.22865888160369185,
        0.0035546035135719653,
        0.43427765614332714,
        -0.49751488912741904,
        -0.421707116759969,
        0.25000978053745115,
        -0.18734842107439376,
        0.23926091557340887,
        0.0
      ],
      "bias": -1.5642641430417046,
      "positive_count": 9,
      "total_count": 60,
      "train_accuracy": 0.8833
    },
    "incomplete_solution": {
      "weights": [
        -0.9014113822711154,
        0.6510711109566694,
        0.0,
        0.5903488629036265,
        -0.03387273724841672,
        0.1086323112475764,
        -0.5900279068663363,
        0.24230821953495635,
        -0.3084029106846375,
        0.05648101346062574,
        -0.5134934809789151,
        -0.17812640613164915,
        0.38266545445993305,
        0.3627038143136263,
        0.4215626244609834,
        -0.6279472475932889,
        -0.019111462114453165,
        0.12088885612135183,
        -0.7354919560624615,
        -0.12266355723547577,
        0.0
      ],
      "bias": -0.22067628670437678,
      "positive_count": 24,
      "total_count": 60,
      "train_accuracy": 0.8
    },
    "insufficient_provenance": {
      "weights": [
        -0.5209390261094887,
        -0.3380880671052665,
        0.0,
        0.6304357104160772,
        0.25571931650225643,
        0.03472612793553554,
        -0.6342604945432928,
        -0.3015814195456837,
        0.5253824343335044,
        -0.35697761853539045,
        -0.7103265855325118,
        -0.05714518640733274,
        0.906105639086807,
        -0.3330010462493358,
        -0.2922455014826075,
        -0.4847933910507027,
        -0.16638435173209756,
        0.336101238095208,
        0.06070713697326155,
        0.5583696359719855,
        0.0
      ],
      "bias": -0.6183866223055521,
      "positive_count": 13,
      "total_count": 60,
      "train_accuracy": 0.85
    },
    "local_remote_mismatch": {
      "weights": [
        -0.5533726697101728,
        -0.2493997469190983,
        0.0,
        -0.7267048431916752,
        -0.7870697577819784,
        -0.05540897257788213,
        -0.4310883015954366,
        -0.37160555034423065,
        0.0006482663128467065,
        -0.09028520147771714,
        -0.27290053523087426,
        0.16605987629396066,
        -0.39508045606224856,
        -0.4939267043105654,
        -0.4587292819742782,
        0.022870806835771043,
        0.32861460667789727,
        0.9191036348428354,
        0.2496030605260212,
        -0.21047249331720316,
        0.0
      ],
      "bias": -1.8407774518578262,
      "positive_count": 5,
      "total_count": 60,
      "train_accuracy": 0.85
    },
    "missing_code_navigation": {
      "weights": [
        -1.0782161750810058,
        0.9130763870048667,
        0.0,
        -0.19725055954837786,
        0.23949997666054637,
        0.2164478934885161,
        0.14786706221592133,
        -0.18903161620176734,
        0.21611642783586507,
        0.29434883212254376,
        -0.32648748016860524,
        -0.1191366033973035,
        0.40634577448554227,
        -0.3449354875081728,
        0.08444235851834407,
        -0.4013628525380353,
        -0.8035861288703748,
        -0.2829845231020498,
        -0.15166166629301567,
        -0.12829657819036694,
        0.0
      ],
      "bias": -0.5660787066558235,
      "positive_count": 9,
      "total_count": 60,
      "train_accuracy": 0.7167
    },
    "near_miss": {
      "weights": [
        0.2748300379058335,
        1.1989005688415888,
        0.0,
        -0.3980411457599329,
        -0.1824582908143457,
        -0.0851767044964475,
        -0.054777628410628346,
        0.18896394485232926,
        0.10731411160331146,
        0.6901710011164878,
        -0.3247159985416935,
        -0.19732845595705625,
        0.40576274449003547,
        0.16058758305927234,
        0.46038213483282475,
        -0.4571155558353363,
        0.5781924071610415,
        0.6626927373499408,
        -0.4699767920793671,
        -0.21124927233114307,
        0.0
      ],
      "bias": -0.642780367602771,
      "positive_count": 20,
      "total_count": 60,
      "train_accuracy": 0.9167
    },
    "over_exploration": {
      "weights": [
        -1.0756643659052592,
        -0.7312935245963438,
        0.0,
        1.2332578895401858,
        0.2516290398797648,
        0.07823388313684664,
        0.3210472101414058,
        0.15072129478674368,
        0.5035164558730651,
        0.060183115208552705,
        0.2327447245802612,
        -0.44261963376827956,
        -0.1328783734466906,
        -0.02844414988342611,
        0.05749356906228376,
        0.050911887811410636,
        0.39521407958658156,
        -0.32255561283673617,
        0.1161733630721516,
        -0.3992204443313765,
        0.0
      ],
      "bias": -1.6150437191997002,
      "positive_count": 9,
      "total_count": 60,
      "train_accuracy": 0.9667
    },
    "query_churn": {
      "weights": [
        -0.7610715756486994,
        0.6953438208488972,
        0.0,
        0.08612441169552672,
        0.33636593732765285,
        -0.5809303221050496,
        -0.19990865682320358,
        -0.2785463867862378,
        0.11374001276972269,
        0.2782270772644519,
        0.03947717395458933,
        -0.2090263671543566,
        -0.43207473018696513,
        -0.5485301866330122,
        1.0499318540756744,
        -0.3059817270208554,
        -0.7107006853079505,
        0.7179848789912213,
        0.17798373715937976,
        0.23888631154184553,
        0.0
      ],
      "bias": -1.0779416749104216,
      "positive_count": 9,
      "total_count": 60,
      "train_accuracy": 0.9
    },